monthly_income,total_debt,num_credit_cards,payment_history,employment_years,age_group,marital_status,good_credit
2817.0,11264.0,0,0.993,23,2,0,1
6423.0,25493.0,7,0.934,27,3,1,1
7183.0,17910.0,3,0.993,16,1,1,1
4938.0,14290.0,5,0.77,2,3,2,0
2358.0,5858.0,7,0.605,16,2,1,1
8510.0,32836.0,7,0.697,7,3,2,1
3498.0,4423.0,8,0.837,26,2,2,1
2255.0,4157.0,5,0.524,16,1,0,0
5853.0,10914.0,1,0.863,12,3,0,1
1235.0,17764.0,6,0.699,11,3,1,0
2647.0,4898.0,0,0.747,18,1,0,1
5312.0,14904.0,9,0.837,8,1,2,0
4741.0,14739.0,8,0.53,16,2,0,0
2683.0,1085.0,9,0.522,20,3,1,1
2261.0,24224.0,9,0.852,17,2,2,0
5857.0,0.0,8,0.647,1,3,0,1
5023.0,20359.0,5,0.582,3,3,0,0
7823.0,4417.0,2,0.871,21,1,1,1
4787.0,35625.0,5,0.891,22,2,2,0
4037.0,20375.0,3,0.661,13,3,1,1
4580.0,33939.0,9,0.699,21,1,0,0
3529.0,28014.0,2,0.734,25,2,0,1
5182.0,0.0,3,0.533,28,1,2,1
800.0,1533.0,7,0.525,27,3,0,1
6677.0,13829.0,0,0.929,14,3,2,1
2030.0,7584.0,5,0.962,17,2,0,1
1508.0,33564.0,3,0.907,19,2,1,0
4564.0,12622.0,2,0.766,9,3,2,1
4223.0,21159.0,1,0.913,6,1,2,0
3008.0,9369.0,2,0.792,15,3,2,1
2136.0,23983.0,6,0.895,8,2,1,0
3364.0,10088.0,4,0.808,26,1,2,1
6684.0,23145.0,0,0.552,22,2,1,1
2456.0,7578.0,8,0.945,12,1,1,0
6420.0,40274.0,3,0.535,2,2,2,0
5599.0,24767.0,8,0.893,21,1,2,0
6072.0,22169.0,2,0.612,23,1,1,1
3378.0,22037.0,7,0.609,13,2,2,0
3545.0,13929.0,7,0.768,8,3,0,0
4989.0,6400.0,6,0.522,17,1,2,0
2613.0,4321.0,4,0.879,13,1,0,1
5781.0,16646.0,8,0.78,28,1,1,1
3351.0,3843.0,6,0.907,6,3,0,1
5809.0,29049.0,2,0.565,16,1,2,0
1824.0,17902.0,9,0.965,5,2,2,0
6437.0,32132.0,1,0.846,3,1,1,0
5469.0,13181.0,2,0.644,29,3,1,1
3519.0,16468.0,4,0.976,27,1,2,1
3864.0,15167.0,3,0.914,7,2,0,1
4749.0,24224.0,7,0.91,27,1,1,1
4982.0,14660.0,9,0.637,15,3,1,1
6067.0,3787.0,4,0.841,3,2,2,0
4554.0,26524.0,7,0.824,28,2,1,1
7274.0,7541.0,4,0.642,22,3,2,1
3419.0,6426.0,9,0.57,26,1,1,0
8719.0,4474.0,5,0.862,10,3,2,1
3625.0,24729.0,9,0.696,10,2,0,0
1700.0,1692.0,4,0.712,23,1,2,1
6460.0,22905.0,7,0.983,6,1,0,0
6429.0,34154.0,1,0.689,21,3,2,1
6299.0,15877.0,2,0.762,20,3,2,1
6767.0,8311.0,7,0.515,20,2,0,1
3027.0,25569.0,7,0.894,23,3,2,0
3635.0,16774.0,6,0.928,7,2,0,1
5373.0,4516.0,5,0.992,10,1,2,1
5121.0,15481.0,7,0.588,14,2,2,0
4421.0,11984.0,8,0.856,15,2,2,1
6818.0,0.0,0,0.508,18,2,1,1
4510.0,9696.0,3,0.776,18,3,0,1
3664.0,31371.0,2,0.756,8,1,1,0
3767.0,27110.0,7,0.688,0,3,2,0
4173.0,19657.0,6,0.875,13,2,0,1
6536.0,22122.0,6,0.996,29,1,2,0
2922.0,18217.0,4,0.537,15,2,0,0
8390.0,17012.0,8,0.592,0,2,2,0
4445.0,1277.0,2,0.81,15,3,1,1
4462.0,15809.0,1,0.65,27,2,1,1
10319.0,3842.0,8,0.832,1,1,1,1
2922.0,19505.0,1,0.893,3,2,2,0
4304.0,3062.0,9,0.817,28,1,0,1
4716.0,24634.0,6,0.522,28,1,0,0
4706.0,254.0,6,0.62,26,3,1,1
1575.0,12847.0,9,0.847,21,2,1,0
4918.0,17470.0,0,0.564,3,3,0,0
2366.0,0.0,0,0.97,18,1,2,1
1323.0,8394.0,2,0.589,16,3,0,1
800.0,18302.0,8,0.725,19,3,1,0
7194.0,18254.0,5,0.596,3,3,1,0
5329.0,9676.0,7,0.594,29,2,0,1
4506.0,5103.0,8,0.979,9,1,0,1
4609.0,2794.0,5,0.723,15,3,2,1
4658.0,17269.0,6,0.623,10,2,0,0
4892.0,10123.0,9,0.927,9,3,1,1
6754.0,39324.0,9,0.988,1,3,2,0
4852.0,38449.0,8,0.627,24,3,0,1
4739.0,12608.0,8,0.907,13,1,1,0
4048.0,10695.0,5,0.726,9,2,0,1
6810.0,18626.0,8,0.636,15,3,0,1
2541.0,22888.0,1,0.635,9,1,2,0
6630.0,29804.0,0,0.605,5,3,0,1
6594.0,0.0,2,0.539,12,2,0,1
5928.0,27143.0,6,0.622,26,3,1,1
2267.0,14568.0,2,0.808,23,3,2,1
5815.0,9092.0,8,0.929,15,2,2,1
4496.0,7520.0,0,0.835,14,2,1,1
4528.0,1350.0,9,0.631,4,2,1,1
1839.0,25693.0,7,0.798,20,1,2,0
3907.0,2215.0,4,0.831,16,2,1,1
4574.0,15820.0,2,0.709,20,1,1,1
5042.0,25623.0,5,0.8,16,1,2,0
4316.0,11613.0,4,0.648,10,1,1,0
4822.0,11047.0,7,0.563,6,2,1,1
4313.0,12347.0,7,0.677,14,3,2,0
4003.0,32584.0,7,0.642,2,3,0,0
5192.0,4694.0,4,0.835,12,2,1,1
5935.0,17023.0,9,0.917,13,2,0,1
3753.0,29652.0,3,0.521,1,1,1,0
1589.0,19042.0,7,0.85,28,3,2,0
3289.0,0.0,1,0.825,6,2,0,1
5584.0,12559.0,7,0.626,22,2,1,1
6594.0,13670.0,8,0.608,6,3,1,1
1684.0,36678.0,7,0.774,7,2,1,0
6180.0,15704.0,7,0.524,0,2,2,0
4852.0,7145.0,9,0.915,21,2,0,1
4180.0,12588.0,2,0.77,13,1,1,0
3652.0,20762.0,1,0.717,14,3,0,1
6064.0,11211.0,3,0.706,6,2,1,1
2688.0,20113.0,6,0.986,15,3,1,1
4744.0,1854.0,5,0.522,9,1,2,0
4128.0,13220.0,7,0.688,9,2,0,1
5542.0,8768.0,2,0.914,2,3,0,1
4343.0,11613.0,1,0.621,2,3,2,1
2873.0,23479.0,5,0.589,27,2,0,0
6292.0,11169.0,4,0.572,23,1,1,0
6497.0,8880.0,7,0.982,12,1,2,0
4485.0,30971.0,7,0.817,29,1,1,0
3971.0,19205.0,8,0.573,7,1,0,0
4281.0,17922.0,8,0.846,24,2,0,1
5822.0,1358.0,6,0.63,16,3,1,1
7535.0,14155.0,4,0.959,17,3,1,1
4319.0,11348.0,2,0.685,4,1,1,0
4168.0,16075.0,4,0.564,28,1,1,0
3938.0,13909.0,8,0.562,19,2,0,0
3401.0,10074.0,6,0.69,7,2,1,0
4033.0,355.0,8,0.614,29,3,2,1
4488.0,10989.0,0,0.98,6,2,2,1
800.0,0.0,3,0.684,10,1,2,0
7317.0,27456.0,5,0.755,20,3,1,1
2352.0,8269.0,1,0.914,0,1,2,0
4883.0,21584.0,4,0.67,10,1,2,0
3812.0,8542.0,1,0.538,13,1,1,0
1791.0,14639.0,9,0.514,10,3,1,0
6473.0,0.0,3,0.892,12,2,0,1
1849.0,1289.0,7,0.921,19,1,2,0
4554.0,12170.0,7,0.522,11,1,2,0
3983.0,17545.0,4,0.718,2,3,1,0
2251.0,19420.0,0,0.752,29,1,2,0
1711.0,30861.0,7,0.746,23,1,2,0
5133.0,20875.0,8,0.899,14,3,0,1
4759.0,0.0,6,0.797,22,3,1,1
6408.0,3021.0,8,0.669,11,2,1,1
1941.0,24388.0,7,0.939,8,1,2,0
3705.0,11988.0,1,0.795,3,3,1,1
1345.0,27731.0,7,0.61,3,3,1,0
3342.0,10057.0,7,0.567,1,2,0,1
2186.0,6939.0,8,0.939,22,2,1,1
6906.0,10467.0,5,0.771,19,1,1,1
5523.0,5173.0,5,0.918,17,1,2,1
5731.0,13342.0,2,0.967,23,2,2,1
4516.0,34341.0,9,0.535,8,1,1,0
6165.0,0.0,4,0.59,24,2,1,1
4410.0,28290.0,2,0.687,25,2,2,0
1710.0,7179.0,5,0.797,20,1,2,0
4231.0,5468.0,8,0.864,5,3,1,1
7507.0,4966.0,3,0.753,15,3,0,1
7366.0,8545.0,6,0.598,10,2,1,1
864.0,17458.0,5,0.888,11,3,2,0
5252.0,7665.0,5,0.859,29,1,1,1
7278.0,17839.0,5,0.98,3,1,1,1
2883.0,5144.0,9,0.752,16,2,0,1
1551.0,25741.0,1,0.65,7,2,1,0
4548.0,18791.0,6,0.581,27,1,1,0
5261.0,5134.0,4,0.967,1,1,0,0
1733.0,1316.0,7,0.908,15,2,2,1
1475.0,20001.0,4,0.606,11,1,0,0
2711.0,35875.0,7,0.624,18,2,1,0
2729.0,0.0,5,0.972,14,1,0,1
4572.0,22010.0,7,0.632,29,1,0,0
7425.0,8852.0,7,0.956,13,3,0,1
3179.0,16393.0,0,0.812,3,1,1,0
4304.0,11156.0,4,0.896,17,3,2,1
7149.0,0.0,8,0.665,11,1,2,0
4617.0,17455.0,6,0.892,20,1,2,0
1602.0,26964.0,8,0.577,14,1,1,0
800.0,15037.0,8,0.505,12,1,2,0
4512.0,21687.0,0,0.633,10,3,1,1
3742.0,9738.0,2,0.884,3,1,0,0
3553.0,0.0,5,0.817,20,2,0,1
4958.0,5723.0,2,0.945,27,3,2,1
800.0,22408.0,8,0.52,17,1,1,0
2755.0,24072.0,5,0.763,26,3,2,0
4533.0,35695.0,7,0.987,2,1,1,0
3208.0,5774.0,4,0.855,8,3,2,1
2584.0,9757.0,5,0.829,29,2,0,1
1749.0,6672.0,8,0.531,18,1,1,0
2913.0,23993.0,2,0.511,25,2,1,0
3577.0,0.0,5,0.978,12,1,2,0
5869.0,13980.0,4,0.848,22,3,1,1
3341.0,23238.0,6,0.614,21,2,0,0
1334.0,12500.0,3,0.814,6,2,2,0
10566.0,22724.0,6,0.714,15,1,0,0
4613.0,24143.0,1,0.821,12,2,1,1
1227.0,28019.0,4,0.907,16,1,0,0
3884.0,19315.0,0,0.889,17,2,1,1
2779.0,16853.0,0,0.557,29,3,1,1
5807.0,12106.0,1,0.986,15,2,1,1
4930.0,10572.0,0,0.766,23,1,0,1
3084.0,13103.0,9,0.544,18,2,2,0
2543.0,7254.0,9,0.875,14,3,2,1
3564.0,11376.0,5,0.989,7,3,2,1
4229.0,6660.0,8,0.557,21,2,1,1
4530.0,18844.0,5,0.649,1,3,1,0
4429.0,12484.0,6,0.921,11,2,1,1
7491.0,26956.0,9,0.709,8,2,2,0
3416.0,20806.0,6,0.907,25,1,0,0
2162.0,18068.0,5,0.713,1,2,1,0
3643.0,25461.0,6,0.959,27,3,1,1
800.0,5847.0,1,0.72,29,3,0,1
5686.0,0.0,3,0.911,7,1,1,1
4031.0,20554.0,7,0.681,18,3,2,0
7574.0,12211.0,9,0.516,26,3,1,1
5298.0,15773.0,3,0.57,13,2,1,1
5309.0,26352.0,1,0.763,7,1,1,0
4375.0,12586.0,7,0.903,9,3,1,1
7619.0,17663.0,8,0.563,17,2,1,1
6945.0,10927.0,7,0.67,3,3,2,0
3635.0,16561.0,6,0.961,6,3,0,1
5308.0,0.0,2,0.901,26,2,1,1
5734.0,5599.0,7,0.639,26,1,1,1
3316.0,7718.0,7,0.513,1,1,1,0
5400.0,9252.0,2,0.801,27,2,2,1
4390.0,41848.0,9,0.717,27,1,1,0
5515.0,18786.0,3,0.712,13,1,0,0
4502.0,39207.0,6,0.965,25,1,1,0
2295.0,17175.0,0,0.868,23,1,2,0
2864.0,0.0,5,0.576,12,2,0,1
2327.0,17367.0,8,0.555,28,3,0,0
6342.0,9678.0,1,0.569,14,1,0,0
2974.0,40963.0,8,0.529,7,3,0,0
6853.0,8103.0,9,0.718,20,1,2,0
4231.0,15372.0,2,0.522,5,1,0,0
5892.0,25298.0,0,0.849,15,1,1,1
3704.0,22439.0,8,0.549,4,3,1,0
5072.0,0.0,3,0.537,0,3,1,1
6268.0,19360.0,6,0.536,25,3,2,1
7280.0,19165.0,0,0.727,24,2,2,1
2323.0,11332.0,2,0.673,16,2,2,0
1121.0,309.0,0,0.548,12,3,1,1
6382.0,26277.0,2,0.543,8,3,1,1
3942.0,1312.0,5,0.85,0,3,0,1
3319.0,20085.0,2,0.6,16,1,2,0
4962.0,25484.0,1,0.963,6,1,2,0
6303.0,9606.0,0,0.961,22,1,0,1
2111.0,2013.0,7,0.889,17,1,0,1
6624.0,3286.0,7,0.782,3,3,2,1
2928.0,7615.0,8,0.921,8,1,0,0
5653.0,0.0,3,0.599,7,3,1,1
5894.0,13632.0,7,0.887,25,1,0,1
7291.0,23749.0,5,0.805,15,2,1,1
4432.0,7330.0,4,0.627,7,2,1,0
6618.0,19180.0,6,0.591,19,2,0,1
4795.0,6564.0,8,0.593,16,3,0,1
1828.0,11704.0,1,0.775,18,1,1,0
5244.0,11604.0,7,0.713,6,1,2,0
4075.0,35013.0,3,0.982,5,2,2,0
2052.0,32815.0,9,0.548,22,3,2,0
4961.0,20973.0,8,0.565,23,3,1,1
1964.0,0.0,4,0.598,9,2,0,1
4132.0,8547.0,2,0.923,23,2,0,1
7522.0,13541.0,3,0.683,27,2,2,1
4685.0,21659.0,3,0.916,10,2,0,1
1641.0,0.0,2,0.65,22,2,2,1
6194.0,13492.0,8,0.782,4,1,0,0
2681.0,0.0,1,0.774,6,2,1,1
1803.0,20695.0,4,0.896,25,3,0,1
6154.0,19776.0,3,0.608,15,2,1,1
5509.0,19374.0,0,0.661,1,3,0,1
4099.0,25459.0,6,0.712,13,3,1,1
800.0,12280.0,4,0.604,7,3,2,0
800.0,7902.0,4,0.607,11,3,0,0
7159.0,6224.0,9,0.632,22,2,0,1
800.0,22888.0,2,0.579,4,1,0,0
3977.0,4214.0,0,0.877,27,3,1,1
3436.0,23133.0,0,0.555,23,3,0,1
7054.0,4305.0,6,0.847,29,2,1,1
1616.0,21561.0,4,0.82,18,1,2,0
7825.0,2055.0,3,0.872,22,1,1,1
4952.0,19899.0,1,0.503,29,3,1,1
5112.0,23908.0,8,0.627,13,1,2,0
3474.0,7525.0,1,0.913,21,3,2,1
3855.0,11556.0,6,0.914,12,1,0,0
8105.0,10895.0,5,0.744,4,3,0,1
5646.0,4545.0,0,0.914,6,1,2,0
2350.0,8390.0,2,0.724,10,2,1,1
6954.0,17852.0,8,0.987,2,3,2,1
6030.0,20876.0,3,0.971,22,1,2,1
5000.0,0.0,7,0.764,13,2,2,1
3868.0,34621.0,5,0.772,1,3,1,0
4394.0,11270.0,9,0.825,3,1,0,0
2469.0,6702.0,7,0.515,26,2,2,1
8351.0,22215.0,2,0.842,24,3,1,1
7863.0,27670.0,3,0.68,3,2,1,1
3855.0,0.0,3,0.927,26,1,0,1
7646.0,6237.0,4,0.547,15,1,2,0
1559.0,22269.0,9,0.602,6,3,0,0
4342.0,34027.0,8,0.713,29,2,1,0
1678.0,20863.0,5,0.783,15,1,0,0
4755.0,21168.0,6,0.714,18,3,1,1
4819.0,32181.0,5,0.607,24,2,1,0
6505.0,26139.0,7,0.667,23,2,1,1
5277.0,9139.0,9,0.598,21,3,2,1
7296.0,17624.0,9,0.697,9,3,1,0
2485.0,23381.0,6,0.739,5,2,0,0
5864.0,31856.0,7,0.67,23,2,2,0
800.0,8904.0,0,0.6,18,2,1,0
7682.0,16077.0,9,0.941,4,1,0,0
5058.0,23130.0,2,0.534,12,2,0,0
4031.0,0.0,1,0.911,17,3,2,1
6399.0,0.0,1,0.652,23,1,0,1
2530.0,24459.0,6,0.64,1,3,2,0
6455.0,3166.0,5,0.698,23,1,1,1
3096.0,3838.0,5,0.705,2,2,2,0
6035.0,7214.0,7,0.857,26,2,0,1
3290.0,27709.0,8,0.758,15,3,2,0
974.0,9701.0,6,0.591,7,3,1,0
5358.0,12852.0,5,0.672,9,3,0,1
3247.0,25440.0,9,0.647,9,2,2,0
2664.0,21768.0,2,0.762,13,1,0,0
4991.0,24605.0,8,0.874,20,2,1,1
5608.0,26825.0,9,0.926,23,2,0,1
4079.0,24172.0,5,0.579,20,3,1,1
4661.0,22608.0,5,0.745,6,2,2,0
5775.0,45903.0,7,0.793,0,3,0,0
5335.0,13321.0,7,0.576,6,3,0,1
5814.0,0.0,9,0.88,27,1,1,1
8986.0,17085.0,1,0.703,5,1,0,0
5091.0,34020.0,4,0.862,1,2,1,0
3345.0,18776.0,0,0.743,5,3,0,1
7074.0,33724.0,1,0.879,10,3,0,1
5582.0,26690.0,6,0.64,27,3,2,1
4430.0,0.0,4,0.743,9,2,1,1
4281.0,5411.0,6,0.698,2,3,1,0
5854.0,10030.0,9,0.698,16,1,0,0
4498.0,6850.0,4,0.689,11,2,1,1
4764.0,7235.0,4,0.58,19,2,2,1
3271.0,21072.0,8,0.555,26,2,1,1
4800.0,19879.0,5,0.749,21,3,2,0
5948.0,15959.0,4,0.611,8,1,2,0
5858.0,21444.0,2,0.913,6,3,1,1
5204.0,24939.0,6,0.514,0,1,2,0
1403.0,12748.0,8,0.788,4,1,1,0
4390.0,10543.0,6,0.623,17,1,2,0
3689.0,34228.0,4,0.762,24,2,1,0
6672.0,18219.0,0,0.927,15,3,1,1
3306.0,26598.0,7,0.509,29,1,0,0
5845.0,18798.0,4,0.744,9,1,0,0
2229.0,16663.0,7,0.639,8,2,2,0
4925.0,29894.0,9,0.794,14,3,0,0
5946.0,27132.0,0,0.916,9,2,1,1
5458.0,19089.0,6,0.557,19,3,2,0
6727.0,20912.0,1,0.853,13,3,2,1
2985.0,13009.0,6,0.613,28,2,0,1
2999.0,13213.0,9,0.653,21,1,0,0
3828.0,0.0,5,0.617,19,2,1,1
4308.0,8811.0,2,0.531,17,3,0,1
5105.0,24532.0,6,0.801,29,3,2,1
4752.0,12594.0,4,0.795,4,2,2,0
5168.0,9784.0,0,0.696,29,3,2,1
7256.0,13935.0,7,0.8,9,3,1,1
2759.0,469.0,9,0.823,20,2,0,1
6255.0,5421.0,7,0.812,18,3,2,1
3716.0,15687.0,3,0.536,9,3,0,0
6601.0,33191.0,7,0.587,24,3,0,1
4748.0,18786.0,9,0.773,14,2,1,1
5701.0,12523.0,1,0.536,29,3,0,1
4332.0,8647.0,4,0.555,29,3,0,1
2806.0,0.0,1,0.959,28,1,1,1
2568.0,0.0,9,0.545,27,3,0,1
4179.0,11788.0,1,0.55,20,3,0,1
3707.0,16699.0,5,0.744,17,2,1,1
7054.0,9779.0,1,0.969,16,3,2,1
6116.0,13272.0,2,0.528,1,1,1,0
1546.0,179.0,2,0.915,10,1,0,1
4053.0,34153.0,0,0.508,24,1,1,0
4899.0,9160.0,8,0.889,10,2,0,1
4935.0,10007.0,1,0.724,0,3,1,1
1219.0,13906.0,9,0.559,12,2,0,0
1588.0,218.0,9,0.694,17,1,1,0
5839.0,15567.0,8,0.714,25,2,1,1
4620.0,28505.0,6,0.523,10,3,0,0
6441.0,34832.0,3,0.784,11,3,0,1
4811.0,13025.0,5,0.532,3,3,0,0
4003.0,27529.0,0,0.804,4,3,2,0
3945.0,2661.0,9,0.934,14,3,0,1
2940.0,26542.0,4,0.741,12,2,0,0
6810.0,18010.0,6,0.565,2,1,0,0
7460.0,20243.0,7,0.555,10,2,2,0
3454.0,20770.0,3,0.625,16,2,2,1
800.0,5888.0,8,0.836,29,3,2,1
2606.0,6201.0,3,0.851,8,3,1,1
9095.0,4133.0,4,0.655,19,1,0,1
6188.0,7242.0,1,0.824,23,3,1,1
4594.0,17483.0,0,0.795,0,2,0,1
2792.0,18932.0,2,0.905,13,3,1,1
8383.0,0.0,0,0.981,2,2,0,1
3214.0,33498.0,6,0.955,6,1,1,0
3637.0,14131.0,2,0.849,17,3,0,1
1854.0,3957.0,7,0.86,18,3,1,1
6660.0,5185.0,3,0.583,8,3,2,0
8110.0,0.0,0,0.52,19,3,0,1
3562.0,16770.0,6,0.913,1,3,2,0
6703.0,20408.0,3,0.841,9,2,1,1
5726.0,18984.0,4,0.767,26,1,2,0
4564.0,10304.0,0,0.8,17,1,1,1
4417.0,28714.0,7,0.695,3,1,0,0
8948.0,20960.0,3,0.773,5,2,0,1
4953.0,21089.0,2,0.748,24,1,1,0
7300.0,0.0,8,0.517,7,2,1,1
3336.0,18342.0,5,0.645,22,2,0,1
3211.0,3862.0,8,0.626,16,1,1,0
4566.0,9234.0,3,0.77,27,3,0,1
4836.0,3921.0,0,0.646,8,3,0,1
3154.0,18990.0,4,0.691,15,1,1,0
4606.0,0.0,9,0.814,6,3,1,1
5523.0,0.0,5,0.882,16,3,0,1
5247.0,22000.0,9,0.764,18,3,0,1
5394.0,11610.0,5,0.566,4,3,1,0
3237.0,4997.0,6,0.836,9,3,2,1
11059.0,35900.0,2,0.748,5,2,1,1
3339.0,17600.0,5,0.554,10,1,2,0
5586.0,15043.0,0,0.999,23,3,2,1
5297.0,33101.0,5,0.601,2,1,2,0
2557.0,31393.0,6,0.946,9,1,2,0
4611.0,29428.0,4,0.991,18,3,2,1
800.0,11241.0,8,0.506,16,2,1,0
4450.0,23581.0,6,0.599,26,1,2,0
5334.0,15156.0,2,0.736,6,3,0,1
6827.0,16615.0,8,0.707,6,3,2,0
6626.0,17044.0,5,0.802,13,2,2,0
5528.0,16154.0,1,0.526,25,2,2,1
1761.0,14738.0,1,0.905,14,3,0,1
4026.0,20016.0,5,0.675,1,3,2,0
2185.0,15352.0,2,0.844,26,3,2,1
6848.0,26331.0,5,0.6,12,3,0,1
5139.0,9267.0,1,0.765,28,3,2,1
2561.0,20623.0,1,0.762,19,2,1,1
7536.0,18369.0,2,0.595,14,1,2,0
4035.0,33879.0,5,0.898,27,2,1,1
1441.0,22106.0,3,0.545,10,1,2,0
7535.0,18731.0,7,0.755,19,1,0,1
5083.0,9686.0,6,0.824,26,2,2,1
7661.0,11061.0,5,0.829,8,3,0,1
800.0,4752.0,7,0.618,0,2,0,0
1353.0,18647.0,1,0.75,12,3,0,0
1388.0,9862.0,3,0.551,2,2,0,0
3581.0,4470.0,4,0.521,5,3,2,0
5366.0,23656.0,1,0.841,14,2,0,1
1613.0,28091.0,2,0.627,22,3,0,0
5449.0,21355.0,1,0.868,29,1,1,1
4938.0,8242.0,4,0.813,12,1,1,1
5440.0,26436.0,1,0.647,1,2,0,0
3700.0,12526.0,0,0.648,15,1,0,1
5934.0,11886.0,4,0.968,5,1,1,1
2848.0,17074.0,5,0.9,27,1,0,1
7796.0,7376.0,0,0.623,5,3,1,1
6854.0,15661.0,2,0.544,12,3,2,0
2486.0,4044.0,0,0.633,26,1,1,1
2418.0,10254.0,9,0.604,11,2,0,0
4742.0,12992.0,8,0.641,27,2,2,1
4052.0,2636.0,8,0.956,24,3,0,1
7561.0,571.0,2,0.858,16,2,0,1
1889.0,7943.0,8,0.958,29,3,1,1
4064.0,21095.0,6,0.985,10,1,1,0
6916.0,14601.0,5,0.724,9,2,1,1
4817.0,16985.0,0,0.546,21,3,2,0
2968.0,11292.0,1,0.772,21,3,2,1
2928.0,11771.0,4,0.885,29,1,1,0
5186.0,8964.0,7,0.585,4,1,1,0
4675.0,0.0,0,0.779,3,3,2,1
4057.0,5562.0,4,0.874,1,3,1,1
5513.0,8459.0,7,0.757,18,1,1,1
6726.0,15432.0,6,0.546,28,1,2,0
1913.0,19458.0,8,0.987,15,3,0,0
6745.0,21467.0,5,0.752,11,2,1,0
4274.0,23579.0,1,0.726,19,2,0,1
2222.0,27713.0,9,0.844,24,1,2,0
6708.0,6014.0,8,0.967,3,1,2,0
2479.0,10569.0,3,0.825,6,2,0,1
3183.0,16822.0,6,0.663,20,1,2,0
7299.0,537.0,4,0.713,7,3,2,1
3696.0,12210.0,5,0.906,16,3,0,1
7125.0,10835.0,6,0.638,9,2,2,1
5111.0,13781.0,0,0.562,1,3,0,1
5540.0,10956.0,0,0.876,21,1,1,1
6176.0,15506.0,3,0.901,8,3,2,1
2732.0,5016.0,3,0.95,2,2,0,1
6612.0,10638.0,4,0.846,21,3,2,1
5771.0,26808.0,4,0.794,6,2,0,0
5275.0,16480.0,1,0.771,25,3,2,1
8636.0,0.0,9,0.508,23,1,1,0
8164.0,8171.0,1,0.536,6,1,2,1
9140.0,11760.0,2,0.823,16,2,0,1
2449.0,16494.0,1,0.514,25,1,1,0
1351.0,14174.0,5,0.635,21,1,2,0
3241.0,26500.0,0,0.742,1,3,1,0
7311.0,34228.0,8,0.722,18,3,2,1
3843.0,7685.0,8,0.518,3,2,2,0
4209.0,0.0,0,0.917,1,1,2,0
4187.0,13169.0,1,0.945,3,2,2,1
3621.0,16054.0,2,0.841,16,2,1,1
6137.0,7384.0,4,0.51,12,3,0,1
3648.0,4298.0,0,0.77,26,2,0,1
6867.0,18730.0,7,0.732,21,3,0,1
6131.0,16604.0,6,0.799,29,2,1,1
5012.0,6013.0,3,0.962,9,2,1,1
2610.0,16143.0,8,0.822,13,3,1,0
3301.0,0.0,7,0.67,29,1,0,1
4855.0,16263.0,0,0.641,2,2,1,1
9352.0,14863.0,6,0.512,21,3,1,1
3317.0,33849.0,4,0.604,9,3,0,0
2688.0,647.0,2,0.805,27,1,1,1
5039.0,6375.0,1,0.981,19,1,2,1
4118.0,3460.0,5,0.988,11,1,2,0
5893.0,30247.0,3,0.797,0,1,2,0
7366.0,12903.0,3,0.702,16,2,2,1
2477.0,7491.0,4,0.739,10,2,2,0
5628.0,21993.0,3,0.772,7,3,1,1
6120.0,0.0,0,0.994,26,2,1,1
6288.0,14520.0,3,0.774,15,2,0,1
5235.0,0.0,7,0.534,9,2,1,1
3582.0,20067.0,1,0.95,18,3,0,1
6029.0,33327.0,9,0.54,21,2,0,0
4680.0,26029.0,7,0.665,29,2,1,1
6402.0,4228.0,8,0.933,0,1,2,0
2509.0,12600.0,9,0.582,18,3,1,0
4622.0,17461.0,7,0.759,17,1,1,1
1890.0,16579.0,8,0.612,17,2,2,0
2956.0,24444.0,9,0.953,7,1,0,0
9030.0,18517.0,4,0.851,29,3,2,1
8439.0,24522.0,9,0.564,8,1,1,0
5494.0,11790.0,8,0.553,2,1,0,0
2672.0,10115.0,5,0.799,25,3,2,1
3758.0,15344.0,1,0.51,11,1,0,0
8462.0,23201.0,2,0.966,15,3,2,1
8084.0,2410.0,8,0.911,11,2,1,1
4316.0,25347.0,9,0.755,12,2,0,0
6822.0,0.0,4,0.846,15,2,1,1
5084.0,16564.0,3,0.515,12,1,1,0
3490.0,18198.0,5,0.968,21,2,1,1
5581.0,17971.0,8,0.777,1,2,2,0
7480.0,19913.0,4,0.73,11,2,2,1
6294.0,10209.0,2,0.524,8,3,0,1
7470.0,23769.0,0,0.797,15,1,0,0
6203.0,16216.0,6,0.643,4,1,2,0
5409.0,8699.0,2,0.718,4,3,0,1
7869.0,12279.0,5,0.549,13,3,1,1
8439.0,15921.0,4,0.567,9,1,1,0
4834.0,22716.0,1,0.503,10,2,0,0
4554.0,22368.0,7,0.799,21,1,1,0
2812.0,18670.0,6,0.888,9,1,2,0
3178.0,18594.0,7,0.575,28,3,2,1
3791.0,13156.0,0,0.905,24,2,2,1
5054.0,23265.0,3,0.933,9,3,0,1
8321.0,8971.0,4,0.843,1,1,2,0
5588.0,3027.0,1,0.757,8,3,2,1
4368.0,22900.0,8,0.607,2,1,0,0
4825.0,29017.0,1,0.655,7,3,0,0
800.0,22832.0,2,0.678,0,2,1,0
5638.0,28825.0,0,0.994,25,3,1,1
2452.0,14647.0,4,0.964,29,1,2,1
865.0,3669.0,3,0.654,11,3,2,0
4278.0,12905.0,3,0.769,16,3,1,1
7212.0,28072.0,0,0.516,21,3,1,1
4705.0,13214.0,5,0.832,8,2,2,1
5514.0,13291.0,6,0.639,13,3,0,1
6288.0,4993.0,6,0.702,2,3,1,1
4105.0,2454.0,6,0.996,9,3,1,1
7322.0,18432.0,9,0.577,5,3,2,0
3308.0,29811.0,7,0.764,5,1,0,0
7407.0,15963.0,7,0.986,3,2,1,1
2643.0,2104.0,3,0.838,19,3,2,1
5392.0,17687.0,0,0.571,17,3,0,1
5097.0,8029.0,8,0.506,5,3,2,0
4675.0,16160.0,1,0.556,22,2,0,1
5934.0,28321.0,0,0.93,9,2,2,1
3532.0,11051.0,0,0.862,15,3,1,1
8103.0,12572.0,0,0.531,18,3,1,1
2302.0,17135.0,8,0.812,7,2,2,0
9874.0,2869.0,3,0.624,16,3,0,1
3152.0,6327.0,8,0.795,12,3,1,1
5068.0,23537.0,3,0.786,24,2,0,1
1928.0,27899.0,9,0.761,0,1,1,0
5040.0,12134.0,2,0.528,0,2,0,1
4163.0,1864.0,1,0.599,20,1,0,1
6042.0,12020.0,1,0.523,8,2,1,1
4195.0,19938.0,3,0.762,20,3,2,1
5124.0,6986.0,2,0.856,19,3,1,1
4096.0,32284.0,1,0.654,28,3,0,1
4827.0,6672.0,6,0.598,14,1,0,0
5523.0,23038.0,0,0.84,6,3,1,1
6553.0,7004.0,2,0.649,24,2,0,1
4827.0,36405.0,3,0.584,26,2,1,1
5252.0,257.0,5,0.661,10,2,1,1
3957.0,5884.0,9,0.865,26,3,0,1
4821.0,19814.0,0,0.548,9,2,0,1
1376.0,14731.0,5,0.506,27,3,2,0
4091.0,0.0,3,0.648,1,3,1,1
4217.0,0.0,0,0.663,7,2,2,1
2250.0,18139.0,0,0.827,18,2,2,1
3761.0,13891.0,4,0.792,25,3,0,1
5263.0,12369.0,1,0.767,27,3,0,1
3768.0,906.0,4,0.794,23,3,2,1
4711.0,13701.0,3,0.561,12,1,1,0
3301.0,73.0,6,0.579,0,3,1,0
3110.0,0.0,1,0.795,6,2,0,1
5248.0,5978.0,9,0.53,9,1,2,0
6353.0,15762.0,6,0.738,0,2,2,0
1824.0,29694.0,4,0.618,26,2,0,0
7666.0,0.0,3,0.915,12,1,0,1
5265.0,16074.0,7,0.916,12,2,0,1
5338.0,8862.0,7,0.523,13,3,2,1
2782.0,3126.0,9,0.614,7,3,2,0
3665.0,13814.0,1,0.943,7,3,0,1
3837.0,13548.0,2,0.69,19,3,2,1
1702.0,27013.0,5,0.609,24,3,2,0
3104.0,21977.0,7,0.711,28,3,0,0
5787.0,14012.0,6,0.521,28,1,1,1
5204.0,5963.0,0,0.752,29,2,0,1
6467.0,22597.0,9,0.747,12,3,1,1
4051.0,22437.0,2,0.758,7,3,0,1
800.0,13258.0,5,0.525,6,1,2,0
5103.0,0.0,9,0.838,28,2,2,1
2339.0,27329.0,2,0.782,23,1,1,0
5013.0,8083.0,2,0.527,15,1,1,1
2495.0,16589.0,5,0.824,18,2,0,1
3847.0,19854.0,8,0.931,8,2,2,0
9410.0,16304.0,7,0.622,4,2,1,1
4227.0,18744.0,8,0.95,11,1,0,0
4655.0,12816.0,6,0.632,2,1,1,0
5910.0,18955.0,8,0.782,26,2,2,1
5698.0,5649.0,7,0.954,2,2,0,1
1689.0,29963.0,5,0.961,10,2,1,0
8677.0,21564.0,7,0.586,13,3,1,1
6354.0,17727.0,6,0.536,14,2,2,1
4192.0,0.0,3,0.732,22,1,2,1
4314.0,7775.0,5,0.578,24,3,1,1
8621.0,9459.0,9,0.869,6,3,0,1
2089.0,17573.0,6,0.685,18,3,0,0
800.0,26443.0,6,0.762,26,1,2,0
2468.0,22460.0,9,0.96,16,1,2,0
4983.0,7122.0,9,0.786,2,2,0,1
1979.0,13560.0,2,0.637,5,3,0,0
9507.0,0.0,7,0.98,6,3,0,1
6115.0,21333.0,2,0.643,7,1,2,0
3066.0,28320.0,2,0.738,14,1,2,0
4618.0,17903.0,2,0.736,20,2,2,1
5203.0,25441.0,7,0.519,6,2,0,0
6889.0,21136.0,6,0.608,18,1,2,0
3462.0,872.0,0,0.573,15,2,0,1
6335.0,559.0,2,0.505,11,2,2,0
4925.0,21894.0,9,0.957,10,3,1,1
3826.0,21548.0,5,0.629,6,1,2,0
3900.0,40125.0,0,0.905,19,3,0,1
2348.0,7973.0,5,0.912,12,1,1,0
5841.0,20803.0,0,0.838,28,2,1,1
800.0,15702.0,2,0.867,3,1,2,0
5400.0,27912.0,8,0.665,14,2,2,0
4803.0,14806.0,2,0.832,17,2,0,1
6213.0,6862.0,4,0.708,28,3,2,1
3346.0,22040.0,3,0.927,17,2,2,0
5855.0,27570.0,3,0.916,24,2,1,1
6029.0,22798.0,1,0.794,2,2,1,1
3504.0,13907.0,7,0.587,12,3,1,0
4541.0,12537.0,6,0.862,23,3,1,1
2701.0,13922.0,0,0.979,11,1,1,0
5970.0,10207.0,5,0.834,7,1,1,1
5880.0,8992.0,1,0.581,21,3,0,1
5934.0,19330.0,6,0.684,27,2,2,1
3864.0,31418.0,1,0.539,8,1,0,0
4502.0,23988.0,9,0.745,17,1,1,0
5848.0,16380.0,2,0.816,12,2,1,1
6374.0,20868.0,0,0.991,28,1,0,1
4621.0,11860.0,0,0.534,11,2,0,1
1660.0,28813.0,0,0.986,17,1,2,0
1910.0,19889.0,5,0.927,22,3,0,0
2844.0,0.0,7,0.905,27,1,2,1
4376.0,4806.0,8,0.934,3,2,0,1
1224.0,14954.0,2,0.863,22,2,2,0
7549.0,6081.0,9,0.89,12,3,2,1
1317.0,16607.0,0,0.916,29,1,2,0
3068.0,5498.0,0,0.767,24,3,1,1
7084.0,4809.0,0,0.703,20,2,1,1
1881.0,15850.0,5,0.54,18,1,1,0
8786.0,29131.0,5,0.828,12,2,1,1
800.0,19750.0,6,0.713,15,2,2,0
1799.0,16100.0,7,0.848,22,3,0,1
7434.0,19689.0,2,0.984,11,1,1,1
6475.0,19182.0,7,0.97,2,2,1,1
6875.0,7044.0,7,0.716,28,2,1,1
6300.0,29999.0,5,0.65,14,1,2,0
3450.0,6736.0,5,0.957,4,3,0,1
6290.0,0.0,5,0.673,17,2,1,1
4111.0,21422.0,4,0.508,8,2,1,0
5445.0,17918.0,3,0.994,20,1,2,1
4518.0,33213.0,1,0.617,21,2,2,1
8387.0,1714.0,2,0.642,28,2,0,1
4487.0,0.0,3,0.731,25,2,0,1
6344.0,6766.0,1,0.638,3,3,0,1
3976.0,6025.0,0,0.799,26,3,1,1
4339.0,7348.0,1,0.678,13,2,0,1
5131.0,20464.0,3,0.625,11,3,1,0
3306.0,11410.0,3,0.847,8,3,0,1
7586.0,28667.0,4,0.716,20,3,2,1
4171.0,17386.0,5,0.865,25,2,1,1
4228.0,19334.0,8,0.58,14,2,0,1
5406.0,13861.0,5,0.908,18,3,0,1
6723.0,22195.0,1,0.62,27,2,1,1
4168.0,0.0,1,0.502,12,3,0,1
3420.0,14286.0,4,0.566,24,2,2,1
7129.0,11478.0,9,0.989,0,2,2,1
3485.0,15198.0,0,0.826,25,2,2,1
3364.0,22768.0,9,0.696,10,2,0,0
4397.0,29398.0,6,0.82,1,1,0,0
1239.0,11115.0,5,0.548,3,2,2,0
6763.0,9138.0,7,0.897,2,1,2,0
6120.0,17501.0,0,0.925,2,2,1,1
3765.0,30047.0,6,0.728,13,2,0,0
2201.0,19407.0,9,0.979,3,3,0,0
6115.0,12927.0,2,0.791,1,1,0,1
2413.0,25649.0,6,0.878,3,3,1,0
4229.0,8138.0,7,0.719,14,2,2,1
800.0,10856.0,4,0.898,22,1,2,0
2209.0,24066.0,5,0.637,25,2,2,0
4694.0,575.0,7,0.67,28,3,2,1
3717.0,0.0,5,0.902,2,3,2,1
5959.0,11284.0,2,0.692,3,2,2,0
3574.0,5096.0,8,0.7,16,3,0,1
3070.0,15026.0,5,0.519,29,1,1,1
4970.0,29098.0,2,0.659,28,1,2,0
4167.0,8448.0,9,0.748,10,1,2,0
2645.0,8920.0,0,0.852,5,2,1,1
6077.0,6965.0,6,0.736,21,3,1,1
6714.0,24110.0,9,0.791,18,1,0,1
2646.0,0.0,6,0.954,15,3,0,1
6581.0,21771.0,5,0.505,7,3,2,0
3622.0,11090.0,2,0.696,22,3,0,1
2879.0,28948.0,7,0.576,9,3,1,0
5132.0,3693.0,2,0.837,5,3,1,1
4721.0,13397.0,8,0.647,14,3,2,0
3996.0,21071.0,6,0.665,13,2,0,0
4270.0,18656.0,2,0.631,7,1,1,0
2571.0,8138.0,5,0.997,5,3,2,1
7128.0,14795.0,9,0.528,9,3,2,0
5479.0,3126.0,3,0.706,3,3,1,1
3370.0,32932.0,7,0.741,24,1,2,0
800.0,21226.0,4,0.893,17,3,2,0
3842.0,19344.0,8,0.831,1,3,2,0
3456.0,14850.0,2,0.631,1,2,1,0
2600.0,0.0,0,0.79,8,2,1,1
5793.0,22574.0,7,0.974,2,2,0,1
2903.0,17274.0,3,0.923,5,2,2,0
4091.0,30107.0,2,0.807,13,3,0,1
6719.0,17496.0,8,0.557,15,1,2,0
2810.0,16455.0,6,0.694,6,1,0,0
7007.0,19545.0,3,0.988,2,2,0,1
800.0,8587.0,2,0.944,0,1,2,0
5149.0,36390.0,4,0.977,23,3,1,1
5932.0,7761.0,7,0.659,10,2,0,1
5791.0,14767.0,6,0.775,28,1,1,1
2223.0,38247.0,2,0.772,5,3,2,0
3713.0,17087.0,8,0.977,14,2,2,0
4842.0,3877.0,7,0.77,20,1,2,0
5100.0,2718.0,9,0.951,25,2,1,1
3956.0,9500.0,6,0.965,20,1,1,1
1535.0,11380.0,0,0.768,14,2,2,0
6941.0,5094.0,7,0.988,27,1,1,1
5308.0,10477.0,4,0.776,10,3,2,1
3818.0,15046.0,2,0.667,5,1,0,0
800.0,18890.0,2,0.966,7,1,1,0
4153.0,11991.0,5,0.503,21,3,2,1
7625.0,26577.0,1,0.79,17,2,0,1
5442.0,17252.0,9,0.884,22,1,1,0
800.0,7095.0,3,0.728,27,1,0,0
9809.0,24650.0,2,0.851,3,1,1,0
4810.0,20818.0,1,0.645,0,1,0,0
6403.0,16366.0,0,0.971,1,1,2,0
4720.0,8875.0,8,0.507,12,1,2,0
2384.0,16136.0,9,0.954,16,3,1,0
4702.0,22904.0,7,0.583,1,1,2,0
992.0,1403.0,1,0.622,27,2,2,1
5212.0,0.0,2,0.777,29,2,1,1
4949.0,160.0,8,0.711,9,2,1,1
2984.0,5258.0,3,0.55,11,3,0,1
11091.0,4381.0,2,0.735,10,2,1,1
5172.0,21754.0,6,0.873,18,1,2,0
3080.0,24905.0,2,0.873,11,3,0,1
7825.0,12080.0,7,0.735,17,2,0,1
7988.0,17610.0,3,0.969,20,1,2,1
1887.0,4350.0,6,0.753,13,3,1,1
5458.0,4790.0,0,0.559,23,2,0,1
3263.0,17123.0,1,0.98,20,1,2,1
2798.0,3894.0,2,0.891,18,2,2,1
3204.0,7450.0,6,0.976,29,3,1,1
6714.0,15730.0,5,0.771,1,2,2,0
5451.0,4122.0,2,0.655,3,1,2,0
5774.0,12100.0,8,0.506,18,3,1,1
5042.0,7517.0,1,0.667,24,1,2,0
5048.0,26909.0,3,0.96,5,1,0,0
4850.0,0.0,8,0.852,17,1,1,1
4166.0,12536.0,4,0.918,14,3,1,1
1982.0,9391.0,4,0.599,4,2,0,0
6117.0,32113.0,9,0.855,3,2,1,0
4395.0,13385.0,6,0.58,27,3,1,1
6443.0,16362.0,7,0.991,6,1,2,1
3336.0,24581.0,0,0.937,15,1,0,0
4110.0,13442.0,3,0.776,0,2,2,0
2689.0,13904.0,8,0.727,21,3,2,0
8103.0,16102.0,8,0.836,9,3,2,1
6486.0,18056.0,9,0.858,18,2,1,1
5850.0,0.0,0,0.755,3,1,0,1
5216.0,23455.0,7,0.911,28,3,1,1
3648.0,20340.0,1,0.86,14,3,1,1
4790.0,14179.0,8,0.571,16,3,0,0
2308.0,6171.0,6,0.666,13,2,1,1
4504.0,11067.0,8,0.906,16,1,1,0
1767.0,13270.0,2,0.857,9,1,1,0
3930.0,19207.0,6,0.649,3,2,0,0
5016.0,13354.0,5,0.772,16,2,2,1
4397.0,5079.0,8,0.807,27,1,0,1
4231.0,7852.0,4,0.867,4,1,2,0
800.0,13953.0,9,0.729,13,3,0,0
5730.0,9558.0,4,0.617,1,1,2,0
800.0,27946.0,4,0.517,17,1,2,0
867.0,22816.0,1,0.954,16,2,1,0
7082.0,10509.0,5,0.575,14,2,1,1
7136.0,17526.0,4,0.678,17,1,2,1
9472.0,8183.0,9,0.747,26,3,1,1
6215.0,0.0,4,0.77,20,2,1,1
4252.0,15669.0,4,0.75,24,1,2,0
5812.0,1206.0,4,0.828,17,2,1,1
2791.0,9669.0,0,0.716,5,3,2,0
2012.0,8174.0,9,0.726,8,2,2,0
1744.0,22334.0,0,0.872,9,1,0,0
5545.0,5840.0,6,0.521,29,2,2,1
2475.0,32115.0,5,0.879,24,1,1,0
2169.0,21140.0,2,0.635,20,1,2,0
8365.0,23767.0,6,0.586,5,2,0,0
2117.0,16812.0,2,0.921,10,1,2,0
5069.0,14966.0,5,0.871,11,3,1,1
800.0,26410.0,8,0.806,18,2,0,0
4115.0,19567.0,0,0.639,25,3,1,1
3657.0,23247.0,8,0.532,24,3,2,0
1556.0,9585.0,2,0.74,18,1,0,0
8237.0,27617.0,6,0.661,3,3,1,1
4657.0,29901.0,3,0.679,1,2,1,0
4773.0,29713.0,6,0.739,10,3,1,1
7266.0,19711.0,9,0.847,23,1,1,1
4266.0,6872.0,6,0.692,28,3,2,1
800.0,23717.0,7,0.602,8,2,0,0
1986.0,15580.0,5,0.756,18,1,2,0
4687.0,18134.0,7,0.581,16,2,2,0
5544.0,14633.0,8,0.881,29,1,2,1
4720.0,15036.0,3,0.507,1,2,1,0
4796.0,13050.0,5,0.953,23,1,2,0
4624.0,7823.0,3,0.809,2,1,2,0
3760.0,14565.0,2,0.99,7,2,1,1
5657.0,29608.0,9,0.946,23,2,0,1
7406.0,19300.0,8,0.924,12,1,2,0
2961.0,27685.0,9,0.955,22,2,0,1
800.0,10737.0,7,0.566,7,2,1,0
7767.0,21505.0,2,0.813,1,1,0,0
2736.0,8827.0,9,0.548,9,2,2,0
5958.0,20422.0,1,0.731,2,1,2,0
7028.0,6478.0,1,0.953,20,2,2,1
3695.0,17530.0,5,0.824,7,1,1,0
3826.0,0.0,1,0.759,0,1,2,0
1858.0,12505.0,9,0.867,13,3,2,0
800.0,9879.0,5,0.846,3,3,1,0
4602.0,15087.0,5,0.939,29,1,0,1
4869.0,9240.0,8,0.838,18,2,2,1
2548.0,23244.0,5,0.724,3,2,1,0
5105.0,0.0,5,0.537,21,3,1,1
7829.0,19681.0,6,0.703,11,1,0,1
4369.0,10887.0,9,0.687,29,2,1,1
2735.0,5314.0,2,0.722,7,1,1,0
6662.0,3479.0,5,0.943,5,3,2,1
3294.0,0.0,3,0.782,13,2,1,1
3925.0,0.0,2,0.872,4,3,2,1
2856.0,19978.0,8,0.515,18,3,1,0
6162.0,13515.0,5,0.627,25,3,0,1
6875.0,21956.0,3,0.785,24,2,1,1
7736.0,23024.0,4,0.571,0,2,0,0
5376.0,7580.0,4,0.506,6,3,0,1
2425.0,10092.0,0,0.785,27,2,2,1
9285.0,11100.0,4,0.86,28,1,0,1
3566.0,0.0,4,0.875,13,3,2,1
9246.0,18682.0,5,0.71,23,1,0,1
3349.0,0.0,0,0.958,15,3,1,1
5376.0,0.0,1,0.562,2,1,2,0
2503.0,1707.0,3,0.807,2,1,2,0
5681.0,11255.0,4,0.679,10,3,1,1
3641.0,0.0,9,0.967,2,1,2,0
8391.0,14502.0,9,0.551,5,1,0,0
4148.0,23033.0,5,0.954,6,3,0,1
4899.0,5459.0,4,0.935,3,1,0,1
4250.0,12424.0,7,0.635,3,1,1,0
5388.0,5243.0,8,0.707,6,3,0,1
6969.0,18730.0,7,0.917,21,2,2,1
6593.0,20756.0,7,0.757,29,2,1,1
5590.0,29098.0,5,0.654,29,1,2,0
5490.0,13732.0,0,0.941,20,3,0,1
4205.0,0.0,9,0.808,1,2,0,1
1827.0,5401.0,0,0.602,24,1,0,0
6263.0,1539.0,9,0.86,24,3,1,1
6648.0,15799.0,7,0.806,11,1,0,0
7400.0,14246.0,0,0.833,29,2,0,1
3169.0,31097.0,6,0.903,14,1,1,0
8823.0,17836.0,7,0.675,26,3,1,1
3257.0,3742.0,4,0.871,18,2,0,1
2009.0,22672.0,1,0.54,25,2,2,0
4982.0,11206.0,8,0.681,15,2,1,1
4328.0,3536.0,3,0.879,3,1,0,1
6393.0,16148.0,7,0.52,26,2,2,1
4892.0,0.0,0,0.591,2,1,2,0
4318.0,24776.0,0,0.944,22,3,1,1
7485.0,0.0,9,0.963,3,1,2,0
4546.0,22961.0,7,0.805,14,1,2,0
4469.0,11233.0,6,0.82,14,3,2,1
7161.0,13875.0,7,0.929,20,3,1,1
5252.0,18791.0,8,0.971,16,1,1,0
4761.0,8204.0,1,0.876,2,3,1,1
5669.0,14674.0,1,0.613,16,1,0,0
5862.0,10794.0,3,0.692,22,2,1,1
6278.0,2115.0,9,0.763,28,2,0,1
3383.0,11688.0,5,0.59,10,3,0,1
6060.0,17190.0,7,0.879,16,3,1,1
2857.0,18294.0,0,0.578,20,3,0,1
6884.0,22816.0,6,0.527,14,2,2,0
7689.0,12028.0,3,0.598,14,2,2,1
2990.0,19152.0,6,0.564,5,2,2,0
3486.0,11019.0,3,0.717,20,3,2,1
5211.0,22602.0,8,0.517,7,1,1,0
4361.0,20625.0,8,0.675,24,3,1,1
4788.0,6950.0,0,0.914,29,3,1,1
6410.0,5779.0,2,0.733,13,2,0,1
6928.0,19924.0,3,0.625,17,2,2,1
1553.0,19438.0,8,0.783,1,3,2,0
4490.0,14530.0,2,0.65,22,2,1,1
800.0,21793.0,7,0.623,20,2,2,0
3128.0,8639.0,7,0.747,3,3,1,1
7020.0,6205.0,1,0.83,15,2,0,1
2002.0,9394.0,1,0.963,10,1,1,0
5407.0,23334.0,5,0.967,5,1,0,0
4535.0,1883.0,4,0.657,6,2,0,1
4240.0,3827.0,3,0.707,13,3,1,1
4217.0,0.0,9,0.758,1,1,1,0
5085.0,0.0,9,0.735,6,3,1,1
4411.0,20011.0,2,0.934,12,3,0,1
4577.0,22528.0,9,0.538,7,3,1,0
1937.0,5790.0,6,0.75,15,1,2,0
6094.0,18247.0,8,0.964,9,1,1,0
3435.0,16301.0,1,0.57,14,3,2,0
1626.0,3166.0,4,0.86,23,2,0,1
2182.0,0.0,4,0.599,2,3,0,1
3307.0,0.0,2,0.798,4,2,0,1
6713.0,13678.0,2,0.851,5,3,2,0
6737.0,21536.0,5,0.71,23,1,1,1
6002.0,22842.0,8,0.603,23,1,2,0
1611.0,24985.0,9,0.501,23,1,1,0
4652.0,18134.0,0,0.597,9,2,0,0
6185.0,19596.0,0,0.977,28,2,1,1
6013.0,16350.0,4,0.787,2,3,1,1
2773.0,9722.0,2,0.631,8,2,2,0
3319.0,13760.0,8,0.666,29,1,2,0
6492.0,10987.0,8,0.735,15,1,0,1
800.0,26709.0,2,0.721,15,3,1,0
7269.0,24277.0,4,0.92,8,1,1,1
4115.0,23890.0,0,0.579,7,2,1,1
3261.0,8021.0,6,0.66,3,2,2,0
4412.0,12893.0,1,0.977,8,1,2,0
3854.0,17730.0,7,0.541,5,1,2,0
2543.0,22058.0,8,0.645,8,2,2,0
4654.0,12322.0,0,0.616,7,1,0,0
5124.0,6599.0,2,0.613,9,3,0,1
1947.0,0.0,8,0.828,22,3,0,1
4000.0,22031.0,2,0.679,0,3,0,0
4325.0,33034.0,5,0.612,15,1,0,0
6573.0,5664.0,6,0.652,15,1,0,1
2369.0,21100.0,8,0.898,2,1,2,0
2968.0,28967.0,0,0.804,21,2,1,0
3617.0,24229.0,8,0.735,13,3,2,0
7621.0,22914.0,8,0.595,1,3,2,0
2277.0,7854.0,6,0.608,11,2,0,0
7125.0,21109.0,4,0.893,28,2,2,1
1869.0,34784.0,8,0.582,17,2,0,0
5980.0,0.0,7,0.985,1,2,1,1
4776.0,3022.0,8,0.966,20,2,2,1
3687.0,29013.0,7,0.559,28,2,1,1
3560.0,18706.0,3,0.623,19,1,0,0
4000.0,33524.0,1,0.512,28,3,1,0
3953.0,18163.0,9,0.578,0,1,0,0
4839.0,0.0,5,0.993,7,2,1,1
4006.0,17616.0,5,0.864,11,2,2,0
5835.0,0.0,8,0.912,22,2,2,1
8091.0,9079.0,5,0.654,4,3,0,1
4925.0,22466.0,5,0.672,12,1,0,0
4808.0,14274.0,3,0.895,9,3,1,1
3471.0,4798.0,0,0.764,4,2,1,1
5066.0,17933.0,9,0.982,20,3,2,1
6177.0,0.0,7,0.673,8,2,2,1
3365.0,15984.0,7,0.926,26,1,1,1
2875.0,18736.0,0,0.938,6,3,0,1
8771.0,24813.0,5,0.718,10,1,0,0
4797.0,19641.0,4,0.629,20,3,1,1
984.0,20772.0,3,0.906,26,3,2,0
1947.0,9088.0,7,0.968,15,1,0,1
5470.0,20478.0,2,0.572,2,3,0,0
6552.0,21451.0,0,0.511,21,1,2,1
2469.0,26167.0,1,0.528,19,1,1,0
4339.0,8241.0,6,0.731,28,1,0,1
1432.0,5446.0,0,0.529,27,1,2,0
5052.0,14385.0,1,0.62,22,1,0,1
4454.0,16523.0,3,0.911,21,1,2,0
1618.0,9724.0,7,0.522,4,2,1,0
4798.0,7609.0,2,0.682,24,1,0,1
5023.0,21729.0,2,0.625,16,3,0,1
4218.0,7484.0,5,0.662,26,2,0,1
1575.0,19489.0,6,0.593,15,3,1,0
818.0,7351.0,3,0.856,22,2,2,0
4073.0,16019.0,5,0.659,26,1,1,1
3168.0,38321.0,5,0.775,27,1,1,0
4277.0,14881.0,9,0.59,12,2,2,0
4390.0,14425.0,7,0.77,0,3,1,0
4183.0,2372.0,5,0.921,12,3,0,1
7387.0,21583.0,6,0.779,7,3,1,1
6364.0,5739.0,6,0.728,9,3,2,1
5253.0,24098.0,7,0.983,28,3,1,1
6334.0,14330.0,0,0.629,11,3,1,1
2859.0,19157.0,6,0.596,5,1,2,0
6451.0,12750.0,4,0.904,2,3,1,1
4531.0,8776.0,1,0.533,19,3,1,1
4147.0,0.0,8,0.835,27,2,0,1
5251.0,18446.0,3,0.763,2,3,2,1
6097.0,6139.0,8,0.512,1,3,2,0
2191.0,22147.0,7,0.945,4,3,0,0
8367.0,14320.0,0,0.543,4,1,0,0
5777.0,14284.0,2,0.642,28,3,2,1
1584.0,17332.0,5,0.514,24,3,2,0
4120.0,36769.0,6,0.528,4,2,1,0
4172.0,10117.0,2,0.733,18,2,0,1
3315.0,1597.0,7,0.975,7,2,0,1
1500.0,18041.0,7,0.591,22,3,2,0
5569.0,16516.0,5,0.773,22,3,0,1
3800.0,0.0,3,0.625,15,1,1,1
3827.0,33303.0,2,0.562,28,3,2,0
800.0,1051.0,8,0.867,13,1,2,0
3038.0,6430.0,9,0.74,11,2,1,1
800.0,24110.0,5,0.574,28,3,1,0
11048.0,22325.0,4,0.704,25,1,1,1
2913.0,16531.0,1,0.75,3,3,1,1
3463.0,12904.0,9,0.758,12,2,1,1
1816.0,1281.0,8,0.759,0,2,1,1
3892.0,8976.0,3,0.502,10,1,2,0
6437.0,0.0,6,0.788,26,1,2,1
5374.0,13122.0,3,0.598,11,2,1,0
5252.0,11651.0,8,0.744,12,1,1,0
2743.0,19931.0,4,0.805,10,1,1,0
6070.0,23936.0,1,0.778,19,3,0,1
8745.0,18139.0,9,0.644,21,3,2,1
8550.0,16294.0,6,0.962,20,3,0,1
2394.0,31382.0,3,0.894,22,1,2,0
5644.0,19131.0,4,0.803,1,2,2,0
5695.0,15311.0,0,0.737,8,1,0,0
7639.0,21699.0,3,0.745,12,1,1,0
4361.0,6855.0,3,0.994,5,1,1,0
7159.0,17847.0,7,0.504,25,3,1,1
3110.0,909.0,6,0.599,12,3,0,1
6798.0,17866.0,1,0.596,20,1,1,0
6219.0,24633.0,5,0.667,24,3,2,0
4248.0,15426.0,9,0.542,19,1,0,0
5764.0,7261.0,5,0.832,12,2,2,1
4556.0,0.0,1,0.777,29,3,0,1
4607.0,30262.0,1,0.746,4,1,2,0
4819.0,0.0,7,0.66,2,2,0,1
5867.0,19584.0,1,0.57,0,2,1,0
3990.0,21364.0,2,0.656,16,1,2,0
5565.0,19660.0,8,0.51,20,3,2,0
4818.0,17602.0,2,0.893,11,3,0,1
3104.0,2303.0,9,0.819,6,3,0,1
6646.0,23751.0,8,0.975,8,3,1,1
3819.0,28326.0,6,0.713,25,2,0,1
6425.0,13974.0,5,0.776,1,3,1,1
4968.0,14124.0,6,0.955,7,2,1,1
5322.0,15159.0,7,0.661,6,2,1,1
5983.0,29719.0,3,0.578,19,2,0,0
4631.0,4184.0,3,0.685,21,1,1,1
6922.0,13420.0,9,0.825,17,3,0,1
3322.0,4373.0,3,0.504,24,3,0,1
2525.0,26002.0,1,0.566,15,2,1,0
3813.0,27337.0,1,0.537,11,2,0,0
4924.0,13380.0,4,0.615,21,3,1,1
6047.0,872.0,2,0.669,12,3,2,1
6103.0,5513.0,3,0.603,29,1,0,1
6502.0,0.0,0,0.957,5,2,0,1
4025.0,20258.0,7,0.654,15,1,2,0
8145.0,2059.0,6,0.512,15,1,2,0
4210.0,1366.0,2,0.763,2,2,0,1
6382.0,8813.0,0,0.825,24,3,0,1
4585.0,22608.0,4,0.769,18,1,2,0
800.0,12538.0,7,0.917,15,3,2,0
1813.0,0.0,6,0.559,26,1,0,1
7323.0,25320.0,4,0.812,11,1,2,0
5070.0,0.0,3,0.962,25,1,0,1
5115.0,14094.0,7,0.754,19,3,2,0
7034.0,18825.0,3,0.56,12,1,1,0
4167.0,18318.0,4,0.84,2,2,2,0
4943.0,4796.0,7,0.568,6,1,2,0
5789.0,4303.0,3,0.578,7,1,1,0
4722.0,19312.0,8,0.858,13,2,0,1
5555.0,2933.0,6,0.914,21,3,1,1
3128.0,26052.0,2,0.521,21,1,0,0
9752.0,11410.0,5,0.976,19,3,0,1
1390.0,0.0,6,0.892,22,1,2,1
4582.0,23912.0,3,0.97,3,1,1,0
3440.0,16653.0,0,0.52,2,3,1,0
1756.0,8866.0,6,0.512,8,3,0,0
7845.0,15868.0,5,0.517,16,1,0,1
5582.0,9941.0,0,0.992,25,3,1,1
2215.0,15614.0,5,0.58,11,2,0,0
4665.0,31400.0,4,0.776,2,2,2,0
2544.0,0.0,8,0.922,27,3,2,1
4437.0,16443.0,6,0.982,24,3,0,1
3506.0,34018.0,2,0.695,25,1,1,0
9076.0,13963.0,3,0.748,21,3,1,1
3313.0,17054.0,8,0.678,2,1,2,0
4062.0,29387.0,2,0.803,6,3,2,0
6910.0,24128.0,4,0.893,27,3,0,1
5723.0,19724.0,7,0.87,18,3,2,1
1729.0,17274.0,2,0.924,27,1,2,0
5538.0,14069.0,0,0.901,27,1,2,1
3704.0,24747.0,2,0.776,19,1,0,0
3113.0,18328.0,8,0.701,25,3,2,0
1810.0,20020.0,4,0.731,22,3,0,0
5280.0,14377.0,8,0.912,10,3,2,1
800.0,8004.0,4,0.503,3,2,0,0
5676.0,16938.0,8,0.737,22,3,0,1
7444.0,22038.0,9,0.88,6,2,1,1
2573.0,20106.0,1,0.991,15,2,0,1
3048.0,342.0,3,0.551,9,1,2,0
8544.0,20883.0,8,0.523,6,2,2,0
4451.0,6847.0,7,0.595,16,2,0,1
5516.0,32659.0,6,0.963,0,2,0,0
7141.0,5072.0,1,0.513,25,3,2,1
7268.0,20993.0,8,0.785,11,2,1,1
4090.0,7639.0,2,0.587,20,2,1,1
4055.0,15816.0,5,0.755,25,2,0,1
3949.0,18736.0,4,0.709,6,2,1,1
3991.0,13973.0,1,0.507,29,3,2,1
3889.0,15914.0,4,0.645,23,1,1,0
5698.0,12082.0,4,0.585,7,3,0,1
3155.0,34193.0,8,0.983,12,2,0,0
2960.0,33028.0,6,0.976,9,1,0,0
3442.0,7952.0,2,0.858,8,3,0,1
3353.0,12472.0,5,0.651,13,2,2,0
9660.0,10081.0,3,0.558,15,2,0,1
1278.0,8787.0,1,0.623,7,1,2,0
6424.0,27414.0,0,0.686,0,2,1,1
1817.0,15753.0,8,0.625,17,1,1,0
4798.0,14189.0,0,0.999,22,2,2,1
1604.0,13487.0,4,0.695,4,2,0,0
3088.0,24322.0,5,0.51,6,3,0,0
3767.0,9338.0,6,0.56,19,2,1,1
4851.0,5876.0,4,0.889,26,1,0,1
3993.0,2211.0,0,0.829,26,2,2,1
4968.0,3912.0,8,0.514,1,3,2,0
6527.0,15402.0,0,0.913,12,3,0,1
4094.0,9472.0,8,0.505,15,3,2,0
5667.0,18467.0,1,0.542,22,3,0,1
1631.0,6471.0,2,0.655,23,3,0,1
6592.0,12371.0,2,0.943,1,2,2,1
5786.0,22023.0,5,0.703,19,3,2,0
7936.0,1638.0,4,0.565,9,2,0,1
6317.0,16984.0,6,0.8,5,3,2,0
3692.0,8615.0,5,0.65,20,2,2,0
6099.0,25826.0,6,0.52,20,2,2,0
2222.0,17999.0,1,0.692,17,1,2,0
1224.0,0.0,6,0.932,0,3,0,1
4772.0,19963.0,4,0.948,10,3,1,1
6340.0,16268.0,9,0.549,2,2,0,0
6465.0,29734.0,9,0.84,6,1,0,0
